section, name"See our top Setup Experts", "The Ecomm Guys"
"See our top Setup Experts", "Reconfigure"
"See our top Designers", "Reconfigure"
"See our top Designers", "Pointer"
"See our top Designers", "Enjoy Theme Company"
"See our top Designers", "Paradise Commerce"
"See our top Developers", "Reconfigure"
"See our top Developers", "Carson eCommerce"
"See our top Developers", "Pointer"
"See our top Developers", "Enjoy Theme Company"
"See our top Developers", "Paradise Commerce"
"See our top Developers", "Cinnamon Toast"
"See our top Marketers", "Pointer"
"See our top Marketers", "seoplus+"
"See our top Marketers", "Flewid Inc"
"See our top Marketers", "WhiteWater Web"
"See our top Marketers", "Cinnamon Toast"
"See our top Marketers", "MPSToolbox"
"See our top Marketers", "BentoSMB Inc."
"See our top Photographers", "Union Eleven Photographers"
"See our top Photographers", "Arctic Grey, Ltd."
"See our top Photographers", "Stem Commerce"
"See our top Photographers", "Up Later Than You"
"See our top Photographers", "HRVST"
"See our top 3D Modeling Experts", "Zee Agency"
"See our top 3D Modeling Experts", "Sayduck"
"See our top 3D Modeling Experts", "CGTrader"
